k,MMR min,MMR avg,MMR max,MMR σ (est.),Loss min,Loss avg,Loss max,Loss σ (est.)
0,30,30,30,0,1.99,3.43,4.64,0.78
1,30,30,30,0,1.99,3.43,4.64,0.78
2,30,30,30,0,1.85,3.53,7.06,1.16
3,30,30,30,0,0,3.11,6.24,1.44
4,30,30,30,0,0,3.19,6.24,1.48
5,30,30,30,0,0,2.66,6.24,1.8
6,30,30,30,0,0,2.62,6.24,1.82
7,30,30,30,0,0,2.85,6.24,1.78
8,30,30,30,0,0,2.49,6.24,1.95
9,30,30,30,0,0,2.37,6.24,1.92
10,30,30,30,0,0,2.15,6.24,1.77
11,30,30,30,0,0,2.01,6.24,1.86
12,30,30,30,0,0,1.91,6.24,1.82
13,30,30,30,0,0,1.9,5.21,1.57
14,28.93,29.35,30,0.46,0,2.16,5.21,1.46
15,28.92,29.06,29.67,0.25,0,2.14,5.21,1.48
16,28.83,28.96,29.5,0.13,0,2.14,5.21,1.48
17,28.83,28.92,29,0.03,0,2.14,5.21,1.48
18,28.8,28.9,28.93,0.04,0,2.14,5.21,1.48
19,28.78,28.89,28.93,0.05,0,2.14,5.21,1.48
20,28.73,28.87,28.93,0.07,0,2.14,5.21,1.48
21,28.7,28.85,28.93,0.08,0,2.14,5.21,1.48
22,28.56,28.82,28.92,0.1,0,2.14,5.21,1.48
23,28.5,28.78,28.92,0.14,0,2.14,5.21,1.48
24,28.4,28.74,28.92,0.16,0,2.14,5.21,1.48
25,28.25,28.71,28.92,0.19,0,2.14,5.21,1.48
26,28,28.66,28.92,0.24,0,2.14,5.21,1.48
27,28,28.62,28.91,0.26,0,2.14,5.21,1.48
28,28,28.59,28.91,0.26,0,2.14,5.21,1.48
29,27.75,28.48,28.91,0.32,0,2.14,5.21,1.48
30,27.73,28.44,28.91,0.33,0,2.14,5.21,1.48
31,27.73,28.37,28.91,0.36,0,2.14,5.21,1.48
32,27.73,28.26,28.91,0.4,0,2.14,5.21,1.48
33,27.7,28.17,28.9,0.41,0,2.14,5.21,1.48
34,27.67,28.06,28.89,0.4,0,2.14,5.21,1.48
35,27.62,28.01,28.87,0.39,0,2.14,5.21,1.48
36,27.6,27.98,28.86,0.39,0,2.14,5.21,1.48
37,27.56,27.96,28.83,0.4,0,2.14,5.21,1.48
38,27.5,27.93,28.82,0.38,0,2.14,5.21,1.48
39,27.5,27.85,28.8,0.33,0,2.14,5.21,1.48
40,27.5,27.82,28.8,0.35,0,2.14,5.21,1.48
41,27.33,27.71,28.8,0.3,0,2.14,5.21,1.48
42,27.33,27.68,28.78,0.31,0,2.14,5.21,1.48
43,27.2,27.64,28.78,0.33,0,2.14,5.21,1.48
44,27,27.6,28.78,0.37,0,2.14,5.21,1.48
45,27,27.53,28.78,0.42,0,2.14,5.21,1.48
46,27,27.5,28.78,0.41,0,2.14,5.21,1.48
47,27,27.47,28.67,0.42,0,2.14,5.21,1.48
48,26.75,27.39,27.87,0.35,0,2.14,5.21,1.48
49,26.6,27.34,27.86,0.4,0,2.14,5.21,1.48
50,26.6,27.33,27.86,0.4,0,2.14,5.21,1.48
51,26.6,27.26,27.83,0.46,0,2.14,5.21,1.48
52,26.6,27.21,27.8,0.44,0,2.14,5.21,1.48
53,26.5,27.15,27.8,0.46,0,2.14,5.21,1.48
54,26.5,27.08,27.8,0.45,0,2.14,5.21,1.48
55,26.37,27.01,27.78,0.5,0,2.14,5.21,1.48
56,26.2,26.95,27.75,0.52,0,2.14,5.21,1.48
57,26.14,26.88,27.7,0.52,0,2.14,5.21,1.48
58,26,26.86,27.7,0.53,0,2.14,5.21,1.48
59,26,26.82,27.7,0.54,0,2.14,5.21,1.48
60,26,26.78,27.7,0.51,0,2.14,5.21,1.48
61,26,26.66,27.7,0.47,0,2.14,5.21,1.48
62,25.79,26.57,27.67,0.47,0,2.14,5.21,1.48
63,25.69,26.52,27.67,0.49,0,2.14,5.21,1.48
64,25.67,26.49,27.67,0.49,0,2.14,5.21,1.48
65,25.55,26.47,27.6,0.49,0,2.14,5.21,1.48
66,25.5,26.43,27.6,0.51,0,2.14,5.21,1.48
67,25.44,26.4,27.6,0.54,0,2.14,5.21,1.48
68,25.44,26.38,27.56,0.53,0,2.14,5.21,1.48
69,25.44,26.36,27.56,0.54,0,2.14,5.21,1.48
70,25.37,26.31,27.56,0.54,0,2.14,5.21,1.48
71,25.37,26.19,27.5,0.53,0,2.14,5.21,1.48
72,25.29,26.14,27.5,0.55,0,2.14,5.21,1.48
73,25.17,26.03,26.75,0.5,0,2.14,5.21,1.48
74,25,25.96,26.75,0.54,0,2.14,5.21,1.48
75,24.93,25.9,26.75,0.57,0,2.14,5.21,1.48
76,24.93,25.85,26.75,0.55,0,2.14,5.21,1.48
77,24.92,25.79,26.75,0.56,0,2.14,5.21,1.48
78,24.92,25.75,26.75,0.59,0,2.14,5.21,1.48
79,24.75,25.69,26.75,0.6,0,2.14,5.21,1.48
80,24.64,25.63,26.75,0.62,0,2.14,5.21,1.48
81,24.5,25.56,26.75,0.6,0,2.14,5.21,1.48
82,24.44,25.53,26.75,0.62,0,2.14,5.21,1.48
83,24.25,25.51,26.75,0.64,0,2.14,5.21,1.48
84,24.14,25.46,26.75,0.65,0,2.14,5.21,1.48
85,24,25.43,26.75,0.65,0,2.14,5.21,1.48
86,23.93,25.34,26.75,0.61,0,2.14,5.21,1.48
87,23.86,25.27,26.75,0.64,0,2.14,5.21,1.48
88,23.79,25.23,26.75,0.65,0,2.14,5.21,1.48
89,23.77,25.19,26.75,0.64,0,2.14,5.21,1.48
90,23.75,25.16,26.75,0.66,0,2.14,5.21,1.48
91,23.75,25.14,26.75,0.66,0,2.14,5.21,1.48
92,23.75,25.12,26.75,0.65,0,2.14,5.21,1.48
93,23.75,25.06,26.64,0.68,0,2.14,5.21,1.48
94,23.67,25.05,26.64,0.69,0,2.14,5.21,1.48
95,23.64,24.96,26.62,0.67,0,2.14,5.21,1.48
96,23.64,24.9,26.62,0.68,0,2.14,5.21,1.48
97,23.64,24.83,26.62,0.72,0,2.14,5.21,1.48
98,23.64,24.73,26.62,0.72,0,2.14,5.21,1.48
99,23.64,24.7,26.62,0.74,0,2.14,5.21,1.48
100,23.55,24.65,26.62,0.73,0,2.14,5.21,1.48
101,23.4,24.62,26.62,0.75,0,2.14,5.21,1.48
102,23.4,24.59,26.62,0.74,0,2.14,5.21,1.48
103,23.4,24.57,26.62,0.75,0,2.14,5.21,1.48
104,23.4,24.53,26.62,0.74,0,2.14,5.21,1.48
105,23.4,24.49,26.62,0.73,0,2.14,5.21,1.48
106,23.4,24.43,26.43,0.68,0,2.14,5.21,1.48
107,23.4,24.42,26.33,0.66,0,2.14,5.21,1.48
108,23,24.3,26.2,0.71,0,2.14,5.21,1.48
109,23,24.27,26,0.69,0,2.14,5.21,1.48
110,23,24.25,26,0.68,0,2.14,5.21,1.48
111,23,24.25,26,0.68,0,2.14,5.21,1.48
112,23,24.18,26,0.72,0,2.14,5.21,1.48
113,23,24.1,25.5,0.61,0,2.14,5.21,1.48
114,23,24.04,25.5,0.66,0,2.14,5.21,1.48
115,23,23.99,25.5,0.68,0,2.14,5.21,1.48
116,23,23.91,25.5,0.65,0,2.14,5.21,1.48
117,23,23.78,25.5,0.7,0,2.14,5.21,1.48
118,22.83,23.74,25.5,0.71,0,2.14,5.21,1.48
119,22.8,23.71,25.5,0.71,0,2.14,5.21,1.48
120,22.75,23.66,25.5,0.73,0,2.14,5.21,1.48
121,22.75,23.62,25.5,0.72,0,2.14,5.21,1.48
122,22.62,23.57,25.5,0.74,0,2.14,5.21,1.48
123,22.62,23.53,25.5,0.72,0,2.14,5.21,1.48
124,22.5,23.5,25.5,0.73,0,2.14,5.21,1.48
125,22,23.45,25.5,0.78,0,2.14,5.21,1.48
126,22,23.39,25.5,0.78,0,2.14,5.21,1.48
127,22,23.33,25.5,0.78,0,2.14,5.21,1.48
128,22,23.26,25.5,0.81,0,2.14,5.21,1.48
129,22,23.21,25.37,0.8,0,2.14,5.21,1.48
130,22,23.19,25.37,0.82,0,2.14,5.21,1.48
131,22,23.12,25.37,0.81,0,2.14,5.21,1.48
132,21.87,23.09,25.37,0.83,0,2.14,5.21,1.48
133,21.67,23.02,25.37,0.84,0,2.14,5.21,1.48
134,21.67,22.97,25.37,0.83,0,2.14,5.21,1.48
135,21.67,22.95,25.37,0.84,0,2.14,5.21,1.48
136,21.67,22.89,25.37,0.82,0,2.14,5.21,1.48
137,21.6,22.82,24.5,0.7,0,2.14,5.21,1.48
138,21.5,22.77,24.5,0.71,0,2.14,5.21,1.48
139,21.5,22.71,24.5,0.71,0,2.14,5.21,1.48
140,21.5,22.65,24.5,0.74,0,2.14,5.21,1.48
141,21,22.6,24.5,0.8,0,2.14,5.21,1.48
142,21,22.56,24.5,0.8,0,2.14,5.21,1.48
143,21,22.54,24.43,0.8,0,2.14,5.21,1.48
144,21,22.54,24.43,0.8,0,2.14,5.21,1.48
145,20.6,22.48,24.43,0.85,0,2.14,5.21,1.48
146,20.6,22.43,24.37,0.83,0,2.14,5.21,1.48
147,20.6,22.34,24.37,0.82,0,2.14,5.21,1.48
148,20.6,22.27,24.37,0.84,0,2.14,5.21,1.48
149,20.6,22.23,24.37,0.85,0,2.14,5.21,1.48
150,20.6,22.19,24.37,0.86,0,2.14,5.21,1.48
151,20.6,22.14,24.33,0.87,0,2.14,5.21,1.48
152,20.5,22.06,24.33,0.92,0,2.14,5.21,1.48
153,20.5,21.98,24.33,0.93,0,2.14,5.21,1.48
154,20.5,21.92,24.33,0.9,0,2.14,5.21,1.48
155,20.4,21.87,24.33,0.92,0,2.14,5.21,1.48
156,20.4,21.82,24.33,0.92,0,2.14,5.21,1.48
157,20.4,21.78,24.17,0.9,0,2.14,5.21,1.48
158,20.4,21.76,24.17,0.9,0,2.14,5.21,1.48
159,20.33,21.72,24.17,0.86,0,2.14,5.21,1.48
160,20.33,21.68,24.17,0.87,0,2.14,5.21,1.48
161,20.33,21.65,24.17,0.88,0,2.14,5.21,1.48
162,20.33,21.62,24.17,0.89,0,2.14,5.21,1.48
163,20.33,21.56,24.17,0.9,0,2.14,5.21,1.48
164,20.25,21.5,24.17,0.91,0,2.14,5.21,1.48
165,20.25,21.41,23.33,0.79,0,2.14,5.21,1.48
166,20,21.37,23.33,0.81,0,2.14,5.21,1.48
167,20,21.36,23.33,0.81,0,2.14,5.21,1.48
168,20,21.33,23.33,0.84,0,2.14,5.21,1.48
169,20,21.31,23.33,0.84,0,2.14,5.21,1.48
170,20,21.28,23.33,0.86,0,2.14,5.21,1.48
171,20,21.2,23.33,0.88,0,2.14,5.21,1.48
172,20,21.12,23.33,0.88,0,2.14,5.21,1.48
173,20,21.05,23.33,0.89,0,2.14,5.21,1.48
174,19.8,20.97,23.33,0.91,0,2.14,5.21,1.48
175,19.6,20.92,23.2,0.93,0,2.14,5.21,1.48
176,19.5,20.85,23.2,0.92,0,2.14,5.21,1.48
177,19.5,20.75,23.2,0.92,0,2.14,5.21,1.48
178,19.5,20.71,23.2,0.91,0,2.14,5.21,1.48
179,19.5,20.69,23,0.89,0,2.14,5.21,1.48
180,19.5,20.65,23,0.9,0,2.14,5.21,1.48
181,19.5,20.6,23,0.91,0,2.14,5.21,1.48
182,19.5,20.57,23,0.91,0,2.14,5.21,1.48
183,19.5,20.53,23,0.87,0,2.14,5.21,1.48
184,19.4,20.47,23,0.91,0,2.14,5.21,1.48
185,19.33,20.37,23,0.91,0,2.14,5.21,1.48
186,19.33,20.36,23,0.92,0,2.14,5.21,1.48
187,19.33,20.32,23,0.91,0,2.14,5.21,1.48
188,19.33,20.28,22.8,0.89,0,2.14,5.21,1.48
189,19.33,20.24,22.75,0.87,0,2.14,5.21,1.48
190,19.2,20.21,22.62,0.86,0,2.14,5.21,1.48
191,19.2,20.2,22.62,0.87,0,2.14,5.21,1.48
192,19,20.13,22.6,0.93,0,2.14,5.21,1.48
193,18.83,20.08,22.6,0.95,0,2.14,5.21,1.48
194,18.8,19.99,22.12,0.92,0,2.14,5.21,1.48
195,18.6,19.94,22.12,0.95,0,2.14,5.21,1.48
196,18.6,19.91,22.12,0.97,0,2.14,5.21,1.48
197,18.5,19.89,22,0.97,0,2.14,5.21,1.48
198,18.4,19.86,22,0.98,0,2.14,5.21,1.48
199,18.4,19.8,22,0.96,0,2.14,5.21,1.48
200,18.25,19.72,22,0.96,0,2.14,5.21,1.48
201,18.2,19.68,22,0.98,0,2.14,5.21,1.48
202,18.2,19.64,22,1,0,2.14,5.21,1.48
203,18.2,19.61,22,1.01,0,2.14,5.21,1.48
204,18,19.59,22,1.03,0,2.14,5.21,1.48
205,18,19.54,22,1.06,0,2.14,5.21,1.48
206,18,19.51,21.86,1.04,0,2.14,5.21,1.48
207,18,19.49,21.86,1.05,0,2.14,5.21,1.48
208,18,19.41,21.86,1.06,0,2.14,5.21,1.48
209,18,19.36,21.86,1,0,2.14,5.21,1.48
210,18,19.33,21.86,1.01,0,2.14,5.21,1.48
211,17.6,19.27,21.71,1.02,0,2.14,5.21,1.48
212,17.4,19.22,21.67,1.05,0,2.14,5.21,1.48
213,17.4,19.18,21.62,1.04,0,2.14,5.21,1.48
214,17.4,19.15,21.6,1.03,0,2.14,5.21,1.48
215,17.25,19.13,21.6,1.05,0,2.14,5.21,1.48
216,17.25,19.12,21.6,1.06,0,2.14,5.21,1.48
217,17.25,19.04,21.6,1.06,0,2.14,5.21,1.48
218,17.25,18.99,21.6,1.08,0,2.14,5.21,1.48
219,17.25,18.95,21.6,1.08,0,2.14,5.21,1.48
220,17.25,18.9,21.6,1.1,0,2.14,5.21,1.48
221,17.25,18.87,21.6,1.13,0,2.14,5.21,1.48
222,17.2,18.77,21.43,1.12,0,2.14,5.21,1.48
223,17.2,18.74,21.43,1.14,0,2.14,5.21,1.48
224,17,18.69,21.43,1.12,0,2.14,5.21,1.48
225,17,18.63,21.29,1.1,0,2.14,5.21,1.48
226,17,18.59,21.29,1.12,0,2.14,5.21,1.48
227,17,18.55,21.2,1.12,0,2.14,5.21,1.48
228,17,18.47,21,1.12,0,2.14,5.21,1.48
229,17,18.44,21,1.14,0,2.14,5.21,1.48
230,17,18.41,21,1.14,0,2.14,5.21,1.48
231,17,18.37,21,1.15,0,2.14,5.21,1.48
232,16.9,18.34,21,1.16,0,2.14,5.21,1.48
233,16.8,18.31,21,1.17,0,2.14,5.21,1.48
234,16.75,18.22,20.8,1.13,0,2.14,5.21,1.48
235,16.67,18.19,20.6,1.11,0,2.14,5.21,1.48
236,16.6,18.17,20.5,1.11,0,2.14,5.21,1.48
237,16.6,18.16,20.5,1.1,0,2.14,5.21,1.48
238,16.6,18.14,20.4,1.09,0,2.14,5.21,1.48
239,16.6,18.11,20.4,1.07,0,2.14,5.21,1.48
240,16.5,18.08,20.37,1.09,0,2.14,5.21,1.48
241,16.43,18.04,20.37,1.1,0,2.14,5.21,1.48
242,16.4,18.01,20.33,1.1,0,2.14,5.21,1.48
243,16.29,17.98,20.25,1.1,0,2.14,5.21,1.48
244,16.29,17.93,20,1.07,0,2.14,5.21,1.48
245,16.25,17.86,20,1.04,0,2.14,5.21,1.48
246,16.25,17.85,20,1.05,0,2.14,5.21,1.48
247,16.25,17.78,20,1.07,0,2.14,5.21,1.48
248,16.17,17.76,20,1.07,0,2.14,5.21,1.48
249,16.17,17.75,20,1.07,0,2.14,5.21,1.48
250,16.17,17.7,19.8,1.04,0,2.14,5.21,1.48
251,16,17.61,19.8,1.07,0,2.14,5.21,1.48
252,16,17.56,19.8,1.08,0,2.14,5.21,1.48
253,16,17.51,19.8,1.07,0,2.14,5.21,1.48
254,16,17.51,19.8,1.06,0,2.14,5.21,1.48
255,16,17.47,19.6,1.05,0,2.14,5.21,1.48
256,16,17.42,19.6,1.07,0,2.14,5.21,1.48
257,15.73,17.39,19.6,1.1,0,2.14,5.21,1.48
258,15.67,17.37,19.6,1.12,0,2.14,5.21,1.48
259,15.67,17.34,19.6,1.13,0,2.14,5.21,1.48
260,15.6,17.27,19.6,1.13,0,2.14,5.21,1.48
261,15.5,17.21,19.6,1.16,0,2.14,5.21,1.48
262,15.5,17.17,19.6,1.17,0,2.14,5.21,1.48
263,15.37,17.16,19.6,1.18,0,2.14,5.21,1.48
264,15.37,17.13,19.4,1.17,0,2.14,5.21,1.48
265,15.33,17.1,19.4,1.18,0,2.14,5.21,1.48
266,15.33,17.08,19.4,1.19,0,2.14,5.21,1.48
267,15.33,17.04,19.2,1.18,0,2.14,5.21,1.48
268,15.17,17.01,19.14,1.19,0,2.14,5.21,1.48
269,15.17,16.97,19,1.19,0,2.14,5.21,1.48
270,15.17,16.94,19,1.21,0,2.14,5.21,1.48
271,15.17,16.92,19,1.23,0,2.14,5.21,1.48
272,15,16.83,19,1.25,0,2.14,5.21,1.48
273,15,16.8,19,1.26,0,2.14,5.21,1.48
274,15,16.76,19,1.26,0,2.14,5.21,1.48
275,15,16.69,19,1.27,0,2.14,5.21,1.48
276,15,16.66,19,1.27,0,2.14,5.21,1.48
277,15,16.64,19,1.28,0,2.14,5.21,1.48
278,14.6,16.53,18.8,1.29,0,2.14,5.21,1.48
279,14.5,16.49,18.8,1.28,0,2.14,5.21,1.48
280,14.5,16.45,18.8,1.27,0,2.14,5.21,1.48
281,14.5,16.44,18.8,1.26,0,2.14,5.21,1.48
282,14.5,16.39,18.8,1.26,0,2.14,5.21,1.48
283,14.44,16.37,18.6,1.25,0,2.14,5.21,1.48
284,14.25,16.35,18.5,1.24,0,2.14,5.21,1.48
285,14.25,16.33,18.5,1.25,0,2.14,5.21,1.48
286,14.12,16.32,18.5,1.27,0,2.14,5.21,1.48
287,14.12,16.27,18.5,1.29,0,2.14,5.21,1.48
288,14.12,16.23,18.25,1.24,0,2.14,5.21,1.48
289,14.12,16.18,18.25,1.22,0,2.14,5.21,1.48
290,14.12,16.13,18,1.2,0,2.14,5.21,1.48
291,14,16.11,18,1.2,0,2.14,5.21,1.48
292,14,16.07,18,1.21,0,2.14,5.21,1.48
293,14,16.05,18,1.21,0,2.14,5.21,1.48
294,14,16.04,18,1.2,0,2.14,5.21,1.48
295,14,16,18,1.2,0,2.14,5.21,1.48
296,14,15.97,18,1.2,0,2.14,5.21,1.48
297,14,15.95,18,1.21,0,2.14,5.21,1.48
298,14,15.88,18,1.24,0,2.14,5.21,1.48
299,14,15.86,18,1.24,0,2.14,5.21,1.48
300,14,15.82,18,1.22,0,2.14,5.21,1.48
301,14,15.77,18,1.24,0,2.14,5.21,1.48
302,14,15.73,18,1.25,0,2.14,5.21,1.48
303,13.75,15.7,18,1.26,0,2.14,5.21,1.48
304,13.75,15.66,18,1.24,0,2.14,5.21,1.48
305,13.5,15.61,17.8,1.26,0,2.14,5.21,1.48
306,13.37,15.55,17.8,1.3,0,2.14,5.21,1.48
307,13.25,15.51,17.8,1.3,0,2.14,5.21,1.48
308,13.25,15.49,17.8,1.31,0,2.14,5.21,1.48
309,13.25,15.45,17.75,1.31,0,2.14,5.21,1.48
310,13.25,15.43,17.75,1.31,0,2.14,5.21,1.48
311,13.25,15.42,17.75,1.31,0,2.14,5.21,1.48
312,13.25,15.38,17.75,1.31,0,2.14,5.21,1.48
313,13.25,15.34,17.5,1.28,0,2.14,5.21,1.48
314,13.25,15.33,17.5,1.28,0,2.14,5.21,1.48
315,13,15.27,17.5,1.33,0,2.14,5.21,1.48
316,13,15.24,17.5,1.32,0,2.14,5.21,1.48
317,13,15.22,17.5,1.32,0,2.14,5.21,1.48
318,13,15.17,17.5,1.3,0,2.14,5.21,1.48
319,13,15.13,17.5,1.29,0,2.14,5.21,1.48
320,13,15.1,17.5,1.28,0,2.14,5.21,1.48
321,13,15.09,17.5,1.27,0,2.14,5.21,1.48
322,13,15.05,17.5,1.28,0,2.14,5.21,1.48
323,13,14.99,17.5,1.27,0,2.14,5.21,1.48
324,13,14.97,17.5,1.3,0,2.14,5.21,1.48
325,13,14.95,17.5,1.31,0,2.14,5.21,1.48
326,13,14.92,17.25,1.29,0,2.14,5.21,1.48
327,13,14.89,17.25,1.3,0,2.14,5.21,1.48
328,13,14.86,17.25,1.28,0,2.14,5.21,1.48
329,13,14.81,17.25,1.26,0,2.14,5.21,1.48
330,13,14.78,17.25,1.26,0,2.14,5.21,1.48
331,13,14.77,17.25,1.26,0,2.14,5.21,1.48
332,13,14.75,17,1.24,0,2.14,5.21,1.48
333,13,14.69,17,1.21,0,2.14,5.21,1.48
334,13,14.67,17,1.21,0,2.14,5.21,1.48
335,13,14.63,17,1.18,0,2.14,5.21,1.48
336,13,14.6,17,1.21,0,2.14,5.21,1.48
337,13,14.59,17,1.2,0,2.14,5.21,1.48
338,13,14.56,17,1.21,0,2.14,5.21,1.48
339,13,14.52,17,1.22,0,2.14,5.21,1.48
340,13,14.47,17,1.22,0,2.14,5.21,1.48
341,13,14.45,17,1.21,0,2.14,5.21,1.48
342,13,14.42,17,1.19,0,2.14,5.21,1.48
343,12.75,14.38,17,1.19,0,2.14,5.21,1.48
344,12.71,14.35,16.8,1.16,0,2.14,5.21,1.48
345,12.67,14.32,16.8,1.18,0,2.14,5.21,1.48
346,12.67,14.28,16.8,1.19,0,2.14,5.21,1.48
347,12.67,14.27,16.8,1.19,0,2.14,5.21,1.48
348,12.5,14.25,16.8,1.2,0,2.14,5.21,1.48
349,12.5,14.21,16.8,1.22,0,2.14,5.21,1.48
350,12.5,14.2,16.8,1.21,0,2.14,5.21,1.48
351,12.5,14.16,16.8,1.21,0,2.14,5.21,1.48
352,12.5,14.15,16.8,1.2,0,2.14,5.21,1.48
353,12.5,14.15,16.8,1.21,0,2.14,5.21,1.48
354,12.5,14.13,16.8,1.19,0,2.14,5.21,1.48
355,12.5,14.1,16.8,1.19,0,2.14,5.21,1.48
356,12.5,14.06,16.8,1.19,0,2.14,5.21,1.48
357,12.5,14.04,16.8,1.2,0,2.14,5.21,1.48
358,12.4,14.03,16.8,1.22,0,2.14,5.21,1.48
359,12.4,13.97,16.6,1.23,0,2.14,5.21,1.48
360,12.33,13.95,16.6,1.25,0,2.14,5.21,1.48
361,12.33,13.93,16.6,1.27,0,2.14,5.21,1.48
362,12.33,13.93,16.6,1.27,0,2.14,5.21,1.48
363,12.2,13.91,16.6,1.29,0,2.14,5.21,1.48
364,12.1,13.88,16.6,1.3,0,2.14,5.21,1.48
365,12.1,13.87,16.6,1.31,0,2.14,5.21,1.48
366,12.1,13.84,16.6,1.31,0,2.14,5.21,1.48
367,12.1,13.8,16.6,1.33,0,2.14,5.21,1.48
368,12,13.77,16.5,1.32,0,2.14,5.21,1.48
369,12,13.75,16.5,1.31,0,2.14,5.21,1.48
370,12,13.71,16.5,1.34,0,2.14,5.21,1.48
371,12,13.7,16.5,1.35,0,2.14,5.21,1.48
372,12,13.68,16.5,1.34,0,2.14,5.21,1.48
373,12,13.65,16.5,1.35,0,2.14,5.21,1.48
374,11.9,13.63,16.5,1.35,0,2.14,5.21,1.48
375,11.9,13.62,16.5,1.35,0,2.14,5.21,1.48
376,11.8,13.6,16.5,1.34,0,2.14,5.21,1.48
377,11.8,13.58,16.4,1.34,0,2.14,5.21,1.48
378,11.7,13.55,16.4,1.36,0,2.14,5.21,1.48
379,11.7,13.5,16.4,1.36,0,2.14,5.21,1.48
380,11.7,13.47,16.4,1.35,0,2.14,5.21,1.48
381,11.7,13.45,16.4,1.35,0,2.14,5.21,1.48
382,11.7,13.41,16.4,1.35,0,2.14,5.21,1.48
383,11.67,13.38,16.4,1.35,0,2.14,5.21,1.48
384,11.67,13.36,16.4,1.35,0,2.14,5.21,1.48
385,11.56,13.33,16.4,1.38,0,2.14,5.21,1.48
386,11.4,13.3,16.4,1.4,0,2.14,5.21,1.48
387,11.4,13.3,16.4,1.4,0,2.14,5.21,1.48
388,11.4,13.28,16.25,1.39,0,2.14,5.21,1.48
389,11.4,13.28,16.25,1.4,0,2.14,5.21,1.48
390,11.4,13.24,16.2,1.35,0,2.14,5.21,1.48
391,11.4,13.21,16.2,1.33,0,2.14,5.21,1.48
392,11.4,13.17,16,1.31,0,2.14,5.21,1.48
393,11.29,13.14,16,1.31,0,2.14,5.21,1.48
394,11.25,13.1,16,1.33,0,2.14,5.21,1.48
395,11.25,13.09,16,1.33,0,2.14,5.21,1.48
396,11.25,13.09,16,1.33,0,2.14,5.21,1.48
397,11.25,13.07,16,1.35,0,2.14,5.21,1.48
398,11.25,13.07,16,1.35,0,2.14,5.21,1.48
399,11.25,13.04,15.8,1.32,0,2.14,5.21,1.48
400,11.25,13.03,15.8,1.32,0,2.14,5.21,1.48
401,11.25,13,15.8,1.33,0,2.14,5.21,1.48
402,11.22,12.99,15.8,1.34,0,2.14,5.21,1.48
403,11.22,12.97,15.8,1.34,0,2.14,5.21,1.48
404,11.22,12.95,15.6,1.32,0,2.14,5.21,1.48
405,11.17,12.93,15.5,1.32,0,2.14,5.21,1.48
406,11.12,12.91,15.5,1.33,0,2.14,5.21,1.48
407,11.12,12.89,15.4,1.32,0,2.14,5.21,1.48
408,11,12.86,15.4,1.33,0,2.14,5.21,1.48
409,10.8,12.81,15.4,1.34,0,2.14,5.21,1.48
410,10.8,12.8,15.4,1.34,0,2.14,5.21,1.48
411,10.8,12.78,15.4,1.35,0,2.14,5.21,1.48
412,10.4,12.73,15.4,1.39,0,2.14,5.21,1.48
413,10.4,12.71,15.4,1.37,0,2.14,5.21,1.48
414,10.2,12.69,15.4,1.38,0,2.14,5.21,1.48
415,10.2,12.66,15.4,1.4,0,2.14,5.21,1.48
416,10.2,12.63,15.4,1.39,0,2.14,5.21,1.48
417,10,12.59,15.4,1.38,0,2.14,5.21,1.48
418,10,12.57,15.4,1.37,0,2.14,5.21,1.48
419,10,12.54,15.4,1.4,0,2.14,5.21,1.48
420,10,12.5,15.25,1.39,0,2.14,5.21,1.48
421,10,12.48,15.2,1.39,0,2.14,5.21,1.48
422,10,12.47,15.2,1.39,0,2.14,5.21,1.48
423,10,12.46,15.2,1.4,0,2.14,5.21,1.48
424,9.8,12.43,15.2,1.42,0,2.14,5.21,1.48
425,9.8,12.43,15.2,1.42,0,2.14,5.21,1.48
426,9.78,12.4,15.2,1.43,0,2.14,5.21,1.48
427,9.6,12.37,15.2,1.43,0,2.14,5.21,1.48
428,9.6,12.36,15.2,1.43,0,2.14,5.21,1.48
429,9.6,12.35,15.2,1.43,0,2.14,5.21,1.48
430,9.6,12.33,15.2,1.44,0,2.14,5.21,1.48
431,9.6,12.3,15.2,1.42,0,2.14,5.21,1.48
432,9.6,12.29,15.2,1.42,0,2.14,5.21,1.48
433,9.56,12.28,15,1.4,0,2.14,5.21,1.48
434,9.5,12.26,15,1.41,0,2.14,5.21,1.48
435,9.44,12.24,15,1.42,0,2.14,5.21,1.48
436,9.44,12.22,15,1.44,0,2.14,5.21,1.48
437,9.4,12.21,15,1.45,0,2.14,5.21,1.48
438,9.4,12.19,15,1.46,0,2.14,5.21,1.48
439,9.4,12.16,15,1.45,0,2.14,5.21,1.48
440,9.4,12.14,15,1.47,0,2.14,5.21,1.48
441,9.4,12.11,14.8,1.45,0,2.14,5.21,1.48
442,9.4,12.11,14.8,1.46,0,2.14,5.21,1.48
443,9.4,12.07,14.8,1.48,0,2.14,5.21,1.48
444,9.4,12.06,14.8,1.48,0,2.14,5.21,1.48
445,9.4,12.06,14.8,1.48,0,2.14,5.21,1.48
446,9.4,12.05,14.8,1.49,0,2.14,5.21,1.48
447,9.4,12.02,14.8,1.47,0,2.14,5.21,1.48
448,9.4,12,14.8,1.47,0,2.14,5.21,1.48
449,9.22,11.97,14.8,1.47,0,2.14,5.21,1.48
450,9.22,11.95,14.8,1.48,0,2.14,5.21,1.48
451,9.2,11.92,14.8,1.49,0,2.14,5.21,1.48
452,9.2,11.91,14.8,1.49,0,2.14,5.21,1.48
453,9.2,11.88,14.8,1.48,0,2.14,5.21,1.48
454,9.2,11.86,14.8,1.48,0,2.14,5.21,1.48
455,9.2,11.84,14.8,1.49,0,2.14,5.21,1.48
456,9.2,11.83,14.78,1.49,0,2.14,5.21,1.48
457,9.2,11.79,14.6,1.45,0,2.14,5.21,1.48
458,9.11,11.74,14.56,1.45,0,2.14,5.21,1.48
459,9.11,11.73,14.56,1.45,0,2.14,5.21,1.48
460,9.11,11.71,14.56,1.44,0,2.14,5.21,1.48
461,9.11,11.68,14.56,1.45,0,2.14,5.21,1.48
462,9.11,11.65,14.4,1.43,0,2.14,5.21,1.48
463,9,11.61,14.4,1.43,0,2.14,5.21,1.48
464,9,11.59,14.25,1.42,0,2.14,5.21,1.48
465,9,11.59,14.25,1.42,0,2.14,5.21,1.48
466,9,11.58,14.25,1.42,0,2.14,5.21,1.48
467,9,11.57,14.25,1.42,0,2.14,5.21,1.48
468,9,11.55,14.25,1.43,0,2.14,5.21,1.48
469,8.89,11.54,14.25,1.44,0,2.14,5.21,1.48
470,8.89,11.52,14.25,1.43,0,2.14,5.21,1.48
471,8.89,11.5,14.25,1.44,0,2.14,5.21,1.48
472,8.86,11.49,14.25,1.44,0,2.14,5.21,1.48
473,8.86,11.48,14.25,1.45,0,2.14,5.21,1.48
474,8.8,11.46,14.22,1.45,0,2.14,5.21,1.48
475,8.8,11.44,14.22,1.44,0,2.14,5.21,1.48
476,8.8,11.4,14.22,1.44,0,2.14,5.21,1.48
477,8.8,11.39,14.22,1.43,0,2.14,5.21,1.48
478,8.78,11.36,14.22,1.43,0,2.14,5.21,1.48
479,8.78,11.33,14.22,1.43,0,2.14,5.21,1.48
480,8.78,11.3,14.22,1.45,0,2.14,5.21,1.48
481,8.78,11.28,14.22,1.46,0,2.14,5.21,1.48
482,8.78,11.26,14.22,1.46,0,2.14,5.21,1.48
483,8.67,11.24,14.22,1.47,0,2.14,5.21,1.48
484,8.6,11.22,14.11,1.46,0,2.14,5.21,1.48
485,8.6,11.2,14,1.44,0,2.14,5.21,1.48
486,8.6,11.18,13.8,1.43,0,2.14,5.21,1.48
487,8.56,11.15,13.8,1.45,0,2.14,5.21,1.48
488,8.56,11.13,13.75,1.44,0,2.14,5.21,1.48
489,8.44,11.11,13.75,1.45,0,2.14,5.21,1.48
490,8.43,11.1,13.75,1.45,0,2.14,5.21,1.48
491,8.4,11.08,13.6,1.44,0,2.14,5.21,1.48
492,8.4,11.06,13.5,1.42,0,2.14,5.21,1.48
493,8.4,11.05,13.5,1.42,0,2.14,5.21,1.48
494,8.4,11.04,13.5,1.42,0,2.14,5.21,1.48
495,8.4,11.03,13.5,1.41,0,2.14,5.21,1.48
496,8.33,11.01,13.5,1.42,0,2.14,5.21,1.48
497,8.33,10.97,13.5,1.41,0,2.14,5.21,1.48
498,8.33,10.95,13.5,1.41,0,2.14,5.21,1.48
499,8.29,10.94,13.5,1.41,0,2.14,5.21,1.48
500,8.25,10.91,13.37,1.4,0,2.14,5.21,1.48
501,8.25,10.9,13.33,1.39,0,2.14,5.21,1.48
502,8.25,10.87,13.33,1.4,0,2.14,5.21,1.48
503,8.25,10.86,13.33,1.4,0,2.14,5.21,1.48
504,8.25,10.86,13.33,1.4,0,2.14,5.21,1.48
505,8.25,10.85,13.25,1.4,0,2.14,5.21,1.48
506,8.25,10.84,13.25,1.4,0,2.14,5.21,1.48
507,8.25,10.83,13.25,1.4,0,2.14,5.21,1.48
508,8.25,10.81,13.22,1.4,0,2.14,5.21,1.48
509,8.25,10.78,13.22,1.42,0,2.14,5.21,1.48
510,8.2,10.76,13.22,1.42,0,2.14,5.21,1.48
511,8,10.72,13.11,1.43,0,2.14,5.21,1.48
512,8,10.7,13,1.43,0,2.14,5.21,1.48
513,8,10.68,13,1.44,0,2.14,5.21,1.48
514,8,10.64,13,1.44,0,2.14,5.21,1.48
515,8,10.63,13,1.44,0,2.14,5.21,1.48
516,8,10.6,13,1.43,0,2.14,5.21,1.48
517,8,10.58,13,1.43,0,2.14,5.21,1.48
518,8,10.57,13,1.43,0,2.14,5.21,1.48
519,8,10.55,13,1.42,0,2.14,5.21,1.48
520,8,10.54,13,1.43,0,2.14,5.21,1.48
521,7.91,10.53,13,1.43,0,2.14,5.21,1.48
522,7.82,10.51,13,1.44,0,2.14,5.21,1.48
523,7.82,10.5,13,1.44,0,2.14,5.21,1.48
524,7.82,10.47,13,1.44,0,2.14,5.21,1.48
525,7.82,10.46,13,1.45,0,2.14,5.21,1.48
526,7.73,10.44,13,1.46,0,2.14,5.21,1.48
527,7.71,10.42,13,1.45,0,2.14,5.21,1.48
528,7.67,10.4,13,1.46,0,2.14,5.21,1.48
529,7.67,10.39,13,1.45,0,2.14,5.21,1.48
530,7.6,10.37,13,1.45,0,2.14,5.21,1.48
531,7.6,10.35,13,1.46,0,2.14,5.21,1.48
532,7.6,10.34,13,1.45,0,2.14,5.21,1.48
533,7.6,10.32,13,1.45,0,2.14,5.21,1.48
534,7.6,10.31,13,1.46,0,2.14,5.21,1.48
535,7.6,10.29,13,1.45,0,2.14,5.21,1.48
536,7.6,10.28,13,1.44,0,2.14,5.21,1.48
537,7.44,10.26,13,1.46,0,2.14,5.21,1.48
538,7.44,10.25,12.91,1.45,0,2.14,5.21,1.48
539,7.44,10.22,12.91,1.45,0,2.14,5.21,1.48
540,7.43,10.2,12.91,1.45,0,2.14,5.21,1.48
541,7.4,10.17,12.91,1.47,0,2.14,5.21,1.48
542,7.4,10.16,12.91,1.46,0,2.14,5.21,1.48
543,7.4,10.15,12.8,1.45,0,2.14,5.21,1.48
544,7.4,10.13,12.75,1.44,0,2.14,5.21,1.48
545,7.4,10.1,12.73,1.44,0,2.14,5.21,1.48
546,7.4,10.09,12.73,1.43,0,2.14,5.21,1.48
547,7.4,10.07,12.73,1.43,0,2.14,5.21,1.48
548,7.4,10.06,12.73,1.42,0,2.14,5.21,1.48
549,7.4,10.05,12.73,1.42,0,2.14,5.21,1.48
550,7.4,10.04,12.73,1.42,0,2.14,5.21,1.48
551,7.4,10.03,12.73,1.43,0,2.14,5.21,1.48
552,7.4,10,12.73,1.44,0,2.14,5.21,1.48
553,7.4,9.98,12.73,1.44,0,2.14,5.21,1.48
554,7.4,9.96,12.73,1.44,0,1.99,5.21,1.54
555,7.4,9.93,12.73,1.44,0,1.99,5.21,1.54
556,7.4,9.91,12.73,1.44,0,1.99,5.21,1.54
557,7.22,9.89,12.73,1.46,0,1.99,5.21,1.54
558,7.2,9.88,12.73,1.47,0,1.99,5.21,1.54
559,7.2,9.86,12.73,1.47,0,1.99,5.21,1.54
560,7.11,9.83,12.73,1.48,0,1.99,5.21,1.54
561,7,9.8,12.73,1.5,0,1.99,5.21,1.54
562,7,9.79,12.73,1.5,0,1.99,5.21,1.54
563,7,9.76,12.73,1.51,0,1.85,5.21,1.57
564,7,9.75,12.73,1.51,0,1.99,5.21,1.54
565,7,9.73,12.73,1.52,0,1.99,5.21,1.54
566,7,9.69,12.64,1.51,0,1.99,5.21,1.54
567,7,9.64,12.64,1.5,0,1.99,5.21,1.54
568,6.92,9.61,12.64,1.52,0,1.85,5.21,1.57
569,6.92,9.58,12.64,1.52,0,1.85,5.21,1.57
570,6.92,9.56,12.64,1.52,0,1.85,5.21,1.57
571,6.92,9.55,12.64,1.53,0,1.85,5.21,1.57
572,6.85,9.52,12.64,1.53,0,1.85,5.21,1.57
573,6.83,9.52,12.64,1.54,0,1.85,5.21,1.57
574,6.83,9.5,12.55,1.53,0,1.85,5.21,1.57
575,6.83,9.49,12.55,1.53,0,1.85,5.21,1.57
576,6.82,9.46,12.5,1.52,0,1.85,5.21,1.57
577,6.8,9.43,12.5,1.54,0,1.85,5.21,1.57
578,6.8,9.41,12.45,1.54,0,1.85,5.21,1.57
579,6.8,9.4,12.45,1.55,0,1.85,5.21,1.57
580,6.8,9.37,12.45,1.56,0,1.85,5.21,1.57
581,6.8,9.36,12.45,1.55,0,1.85,5.21,1.57
582,6.8,9.34,12.45,1.56,0,1.85,5.21,1.57
583,6.8,9.33,12.36,1.54,0,1.85,5.21,1.57
584,6.8,9.31,12.36,1.55,0,1.85,5.21,1.57
585,6.8,9.28,12.36,1.55,0,1.85,5.21,1.57
586,6.8,9.26,12.36,1.54,0,1.85,5.21,1.57
587,6.78,9.23,12.36,1.54,0,1.85,5.21,1.57
588,6.78,9.21,12.36,1.54,0,1.85,5.21,1.57
589,6.78,9.2,12.27,1.54,0,1.85,5.21,1.57
590,6.78,9.18,12.27,1.53,0,1.85,5.21,1.57
591,6.78,9.17,12.25,1.53,0,1.85,5.21,1.57
592,6.78,9.15,12.25,1.53,0,1.85,5.21,1.57
593,6.78,9.12,12.25,1.54,0,1.85,5.21,1.57
594,6.67,9.09,12.25,1.57,0,1.85,5.21,1.57
595,6.67,9.05,12.25,1.57,0,1.85,5.21,1.57
596,6.67,9.04,12.25,1.58,0,1.85,5.21,1.57
597,6.67,9.02,12.25,1.58,0,1.85,5.21,1.57
598,6.67,9.01,12.25,1.58,0,1.85,5.21,1.57
599,6.6,8.99,12.25,1.59,0,1.85,5.21,1.57
600,6.6,8.96,12.18,1.59,0,1.85,5.21,1.57
601,6.6,8.94,12.18,1.59,0,1.85,5.21,1.57
602,6.6,8.92,12.18,1.6,0,1.85,5.21,1.57
603,6.6,8.89,12.09,1.6,0,1.85,5.21,1.57
604,6.55,8.87,12.09,1.61,0,1.85,5.21,1.57
605,6.55,8.85,12.09,1.62,0,1.85,5.21,1.57
606,6.55,8.82,12.09,1.61,0,1.85,5.21,1.57
607,6.5,8.8,12.09,1.62,0,1.85,5.21,1.57
608,6.5,8.78,12.09,1.64,0,1.85,5.21,1.57
609,6.5,8.77,12.09,1.64,0,1.85,5.21,1.57
610,6.45,8.75,12,1.63,0,1.85,5.21,1.57
611,6.36,8.71,12,1.65,0,1.85,5.21,1.57
612,6.25,8.69,12,1.66,0,1.85,5.21,1.57
613,6.08,8.65,12,1.69,0,1.85,5.21,1.57
614,6.08,8.62,11.91,1.69,0,1.85,5.21,1.57
615,6.08,8.6,11.91,1.7,0,1.85,5.21,1.57
616,6.08,8.58,11.91,1.7,0,1.85,5.21,1.57
617,6.08,8.56,11.91,1.7,0,1.85,5.21,1.57
618,6,8.52,11.64,1.69,0,1.59,4.4,1.4
619,6,8.5,11.64,1.7,0,1.59,4.4,1.4
620,6,8.48,11.64,1.7,0,1.59,4.4,1.4
621,6,8.46,11.36,1.68,0,1.59,4.4,1.4
622,6,8.45,11.36,1.68,0,1.44,4.4,1.41
623,6,8.43,11.3,1.66,0,1.59,4.4,1.4
624,6,8.41,11.3,1.64,0,1.44,4.4,1.41
625,6,8.37,11.25,1.65,0,1.44,4.4,1.41
626,6,8.36,11.25,1.64,0,1.44,4.4,1.41
627,6,8.35,11.25,1.64,0,1.59,4.4,1.4
628,6,8.33,11.17,1.61,0,1.59,4.4,1.4
629,5.85,8.3,11.17,1.62,0,1.44,4.4,1.41
630,5.85,8.25,11.17,1.63,0,1.44,4.4,1.41
631,5.85,8.22,11.17,1.63,0,1.44,4.4,1.41
632,5.77,8.18,11.17,1.62,0,1.44,4.4,1.41
633,5.69,8.16,11.17,1.63,0,1.44,4.4,1.41
634,5.62,8.14,11.17,1.65,0,1.44,4.4,1.41
635,5.62,8.11,11.17,1.64,0,1.44,4.4,1.41
636,5.5,8.08,11.17,1.66,0,1.44,4.4,1.41
637,5.5,8.06,11.08,1.65,0,1.44,4.4,1.41
638,5.5,8.03,11.08,1.66,0,1.44,4.4,1.41
639,5.38,8.01,11.08,1.67,0,1.44,4.4,1.41
640,5.38,7.99,11.08,1.66,0,1.44,4.4,1.41
641,5.38,7.96,11.08,1.67,0,1.44,4.4,1.41
642,5.38,7.94,11.08,1.67,0,1.44,4.4,1.41
643,5.38,7.93,11.08,1.68,0,1.44,4.4,1.41
644,5.31,7.91,11.08,1.69,0,1.44,4.4,1.41
645,5.31,7.88,11.08,1.69,0,1.44,4.4,1.41
646,5.31,7.86,11.08,1.69,0,1.44,4.4,1.41
647,5.23,7.85,11.08,1.69,0,1.44,4.4,1.41
648,5.23,7.82,11.08,1.68,0,1.44,4.4,1.41
649,5.23,7.8,11.08,1.68,0,1.44,4.4,1.41
650,5.15,7.78,11.08,1.69,0,1.44,4.4,1.41
651,5.15,7.74,10.92,1.69,0,1.44,4.4,1.41
652,5.08,7.72,10.92,1.69,0,1.44,4.4,1.41
653,5,7.69,10.92,1.71,0,1.44,4.4,1.41
654,5,7.66,10.92,1.71,0,1.44,4.4,1.41
655,5,7.6,10.64,1.73,0,1.22,3.48,1.26
656,5,7.57,10.55,1.73,0,1.22,3.48,1.26
657,5,7.55,10.55,1.74,0,1.22,3.48,1.26
658,5,7.53,10.44,1.73,0,1.22,3.48,1.26
659,5,7.5,10.33,1.73,0,1.22,3.48,1.26
660,5,7.47,10.22,1.73,0,1.22,3.48,1.26
661,5,7.44,10.22,1.74,0,1.22,3.48,1.26
662,4.85,7.41,10.2,1.77,0,1.22,3.48,1.26
663,4.77,7.39,10.09,1.76,0,1.22,3.48,1.26
664,4.77,7.36,10,1.74,0,1.22,3.48,1.26
665,4.69,7.33,9.92,1.74,0,1.22,3.48,1.26
666,4.62,7.29,9.92,1.74,0,1.22,3.48,1.26
667,4.62,7.27,9.92,1.73,0,1.22,3.48,1.26
668,4.62,7.26,9.92,1.74,0,1.22,3.48,1.26
669,4.62,7.24,9.92,1.73,0,1.22,3.48,1.26
670,4.62,7.23,9.92,1.72,0,1.22,3.48,1.26
671,4.62,7.21,9.92,1.75,0,1.22,3.48,1.26
672,4.62,7.18,9.92,1.75,0,1.22,3.48,1.26
673,4.54,7.15,9.92,1.75,0,1.22,3.48,1.26
674,4.54,7.12,9.92,1.75,0,1.22,3.48,1.26
675,4.54,7.11,9.83,1.74,0,1.22,3.48,1.26
676,4.5,7.09,9.83,1.74,0,1.22,3.48,1.26
677,4.5,7.08,9.83,1.74,0,1.22,3.48,1.26
678,4.5,7.06,9.75,1.74,0,1.22,3.48,1.26
679,4.5,7.04,9.75,1.74,0,1.22,3.48,1.26
680,4.43,7.01,9.75,1.74,0,1.22,3.48,1.26
681,4.36,6.98,9.75,1.75,0,1.22,3.48,1.26
682,4.36,6.95,9.7,1.74,0,1.22,3.48,1.26
683,4.36,6.93,9.7,1.72,0,1.22,3.48,1.26
684,4.36,6.92,9.7,1.72,0,1.22,3.48,1.26
685,4.31,6.89,9.7,1.71,0,1.22,3.48,1.26
686,4.31,6.86,9.67,1.71,0,1.22,3.48,1.26
687,4.31,6.85,9.6,1.7,0,1.22,3.48,1.26
688,4.31,6.82,9.56,1.7,0,1.22,3.48,1.26
689,4.31,6.81,9.56,1.7,0,1.22,3.48,1.26
690,4.25,6.79,9.56,1.71,0,1.22,3.48,1.26
691,4.25,6.78,9.56,1.71,0,1.22,3.48,1.26
692,4.23,6.76,9.44,1.7,0,1.22,3.48,1.26
693,4.23,6.74,9.44,1.71,0,1.22,3.48,1.26
694,4.23,6.72,9.33,1.7,0,1.22,3.48,1.26
695,4.15,6.68,9,1.67,0,1.06,3.48,1.18
696,4.08,6.63,8.89,1.67,0,1.06,3.48,1.18
697,4.08,6.61,8.89,1.67,0,1.06,3.48,1.18
698,4.08,6.6,8.78,1.67,0,1.06,3.48,1.18
699,4,6.57,8.78,1.67,0,1.06,3.48,1.18
700,4,6.55,8.78,1.67,0,1.06,3.48,1.18
701,4,6.53,8.78,1.68,0,1.06,3.48,1.18
702,4,6.49,8.78,1.67,0,1.06,3.48,1.18
703,4,6.47,8.67,1.67,0,1.06,3.48,1.18
704,4,6.46,8.67,1.67,0,1.06,3.48,1.18
705,4,6.43,8.67,1.65,0,1.06,3.48,1.18
706,3.92,6.42,8.67,1.65,0,1.06,3.48,1.18
707,3.85,6.4,8.67,1.66,0,1.06,3.48,1.18
708,3.77,6.37,8.67,1.67,0,1.06,3.48,1.18
709,3.75,6.37,8.67,1.67,0,1.06,3.48,1.18
710,3.73,6.35,8.56,1.66,0,1.06,3.48,1.18
711,3.73,6.34,8.56,1.66,0,1.06,3.48,1.18
712,3.73,6.33,8.56,1.67,0,1.06,3.48,1.18
713,3.67,6.3,8.56,1.68,0,1.06,3.48,1.18
714,3.64,6.28,8.56,1.68,0,1.06,3.48,1.18
715,3.55,6.26,8.56,1.68,0,1.06,3.48,1.18
716,3.55,6.25,8.56,1.68,0,1.06,3.48,1.18
717,3.5,6.23,8.56,1.69,0,1.06,3.48,1.18
718,3.5,6.2,8.44,1.66,0,1.06,3.48,1.18
719,3.46,6.17,8.44,1.67,0,1.06,3.48,1.18
720,3.42,6.16,8.44,1.69,0,1.06,3.48,1.18
721,3.42,6.13,8.44,1.68,0,1.06,3.48,1.18
722,3.42,6.1,8.44,1.68,0,1.06,3.48,1.18
723,3.33,6.05,8.33,1.68,0,1.06,3.48,1.18
724,3.33,6.05,8.33,1.68,0,1.06,3.48,1.18
725,3.33,6.03,8.33,1.7,0,1.06,3.48,1.18
726,3.33,6.01,8.33,1.72,0,1.06,3.48,1.18
727,3.33,6,8.33,1.72,0,1.06,3.48,1.18
728,3.33,5.99,8.33,1.71,0,1.06,3.48,1.18
729,3.25,5.99,8.33,1.72,0,1.06,3.48,1.18
730,3,5.92,8.22,1.73,0,1.06,3.48,1.18
731,3,5.91,8.22,1.72,0,1.06,3.48,1.18
732,3,5.9,8.22,1.71,0,1.06,3.48,1.18
733,3,5.89,8.22,1.71,0,1.06,3.48,1.18
734,2.92,5.88,8.22,1.72,0,1.06,3.48,1.18
735,2.85,5.86,8.22,1.73,0,1.06,3.48,1.18
736,2.75,5.84,8.22,1.72,0,1.06,3.48,1.18
737,2.75,5.82,8.2,1.71,0,1.06,3.48,1.18
738,2.75,5.82,8.2,1.7,0,1.06,3.48,1.18
739,2.67,5.8,8.2,1.7,0,1.06,3.48,1.18
740,2.67,5.79,8.2,1.71,0,1.06,3.48,1.18
741,2.67,5.76,8.2,1.71,0,1.06,3.48,1.18
742,2.67,5.73,8.1,1.71,0,1.06,3.48,1.18
743,2.67,5.73,8.1,1.71,0,1.06,3.48,1.18
744,2.67,5.71,8.1,1.71,0,1.06,3.48,1.18
745,2.67,5.69,8,1.7,0,1.06,3.48,1.18
746,2.67,5.67,8,1.7,0,1.06,3.48,1.18
747,2.67,5.65,8,1.7,0,1.06,3.48,1.18
748,2.67,5.61,8,1.69,0,1.06,3.48,1.18
749,2.67,5.58,8,1.69,0,1.06,3.48,1.18
750,2.67,5.55,7.9,1.67,0,1.06,3.48,1.18
751,2.62,5.53,7.9,1.68,0,1.06,3.48,1.18
752,2.5,5.51,7.8,1.68,0,1.06,3.48,1.18
753,2.5,5.48,7.8,1.68,0,1.06,3.48,1.18
754,2.5,5.45,7.8,1.67,0,1.06,3.48,1.18
755,2.42,5.42,7.75,1.66,0,1.06,3.48,1.18
756,2.33,5.4,7.7,1.67,0,1.06,3.48,1.18
757,2.33,5.39,7.7,1.68,0,1.06,3.48,1.18
758,2.33,5.36,7.69,1.66,0,1.06,3.48,1.18
759,2.33,5.36,7.69,1.67,0,1.06,3.48,1.18
760,2.33,5.33,7.69,1.66,0,1.06,3.48,1.18
761,2.33,5.32,7.69,1.66,0,1.06,3.48,1.18
762,2.33,5.29,7.62,1.66,0,1.06,3.48,1.18
763,2.33,5.28,7.62,1.66,0,1.06,3.48,1.18
764,2.33,5.27,7.62,1.66,0,1.06,3.48,1.18
765,2.31,5.25,7.6,1.65,0,1.06,3.48,1.18
766,2.31,5.23,7.58,1.65,0,1.06,3.48,1.18
767,2.23,5.21,7.55,1.65,0,1.06,3.48,1.18
768,2.23,5.2,7.55,1.66,0,1.06,3.48,1.18
769,2.17,5.19,7.55,1.66,0,1.06,3.48,1.18
770,2.15,5.17,7.55,1.66,0,1.06,3.48,1.18
771,2.08,5.15,7.55,1.67,0,1.06,3.48,1.18
772,2.08,5.14,7.55,1.68,0,1.06,3.48,1.18
773,2.08,5.13,7.55,1.68,0,1.06,3.48,1.18
774,2.08,5.11,7.55,1.68,0,1.06,3.48,1.18
775,2,5.09,7.55,1.67,0,1.06,3.48,1.18
776,2,5.06,7.55,1.67,0,1.06,3.48,1.18
777,2,5.05,7.5,1.66,0,1.06,3.48,1.18
778,2,5.04,7.5,1.66,0,1.06,3.48,1.18
779,2,5.02,7.5,1.66,0,1.06,3.48,1.18
780,2,5.01,7.5,1.66,0,1.06,3.48,1.18
781,1.93,5,7.5,1.66,0,1.06,3.48,1.18
782,1.86,4.97,7.45,1.66,0,1.06,3.48,1.18
783,1.86,4.96,7.45,1.65,0,1.06,3.48,1.18
784,1.86,4.93,7.4,1.64,0,1.06,3.48,1.18
785,1.86,4.92,7.4,1.64,0,1.06,3.48,1.18
786,1.86,4.92,7.4,1.64,0,1.06,3.48,1.18
787,1.86,4.91,7.36,1.64,0,1.06,3.48,1.18
788,1.86,4.9,7.36,1.63,0,1.06,3.48,1.18
789,1.86,4.88,7.36,1.63,0,1.06,3.48,1.18
790,1.86,4.88,7.36,1.62,0,1.06,3.48,1.18
791,1.86,4.87,7.36,1.62,0,1.06,3.48,1.18
792,1.79,4.83,7.36,1.64,0,1.06,3.48,1.18
793,1.79,4.83,7.36,1.64,0,1.06,3.48,1.18
794,1.79,4.8,7.27,1.63,0,1.06,3.48,1.18
795,1.79,4.79,7.27,1.63,0,1.06,3.48,1.18
796,1.79,4.78,7.2,1.62,0,1.06,3.48,1.18
797,1.79,4.75,7.2,1.62,0,1.06,3.48,1.18
798,1.79,4.74,7.18,1.62,0,1.06,3.48,1.18
799,1.79,4.72,7.18,1.62,0,1.06,3.48,1.18
800,1.71,4.71,7.09,1.61,0,1.06,3.48,1.18
801,1.71,4.69,7.09,1.6,0,1.06,3.48,1.18
802,1.71,4.68,7,1.59,0,1.06,3.48,1.18
803,1.67,4.67,7,1.59,0,1.06,3.48,1.18
804,1.67,4.66,7,1.59,0,1.06,3.48,1.18
805,1.64,4.66,7,1.59,0,1.06,3.48,1.18
806,1.57,4.65,7,1.59,0,1.06,3.48,1.18
807,1.57,4.63,7,1.61,0,1.06,3.48,1.18
808,1.57,4.61,7,1.59,0,1.06,3.48,1.18
809,1.57,4.58,7,1.59,0,1.06,3.48,1.18
810,1.57,4.57,6.92,1.58,0,1.06,3.48,1.18
811,1.54,4.56,6.92,1.6,0,1.06,3.48,1.18
812,1.54,4.55,6.92,1.6,0,1.06,3.48,1.18
813,1.5,4.54,6.92,1.61,0,1.06,3.48,1.18
814,1.5,4.53,6.91,1.6,0,1.06,3.48,1.18
815,1.5,4.52,6.91,1.61,0,1.06,3.48,1.18
816,1.5,4.51,6.91,1.62,0,1.06,3.48,1.18
817,1.46,4.49,6.91,1.62,0,1.06,3.48,1.18
818,1.43,4.47,6.91,1.63,0,1.06,3.48,1.18
819,1.43,4.46,6.91,1.64,0,1.06,3.48,1.18
820,1.43,4.45,6.86,1.63,0,1.06,3.48,1.18
821,1.36,4.44,6.86,1.63,0,1.06,3.48,1.18
822,1.36,4.43,6.86,1.64,0,1.06,3.48,1.18
823,1.33,4.41,6.86,1.63,0,1.06,3.48,1.18
824,1.31,4.39,6.86,1.64,0,1.06,3.48,1.18
825,1.29,4.38,6.86,1.63,0,1.06,3.48,1.18
826,1.29,4.37,6.86,1.64,0,1.06,3.48,1.18
827,1.21,4.35,6.86,1.64,0,1.06,3.48,1.18
828,1.15,4.34,6.86,1.64,0,1.06,3.48,1.18
829,1.15,4.33,6.86,1.64,0,1.06,3.48,1.18
830,1.14,4.32,6.86,1.64,0,1.06,3.48,1.18
831,1.08,4.3,6.86,1.65,0,1.06,3.48,1.18
832,1.08,4.29,6.86,1.65,0,1.06,3.48,1.18
833,1,4.28,6.86,1.65,0,1.06,3.48,1.18
834,1,4.27,6.79,1.65,0,1.06,3.48,1.18
835,1,4.26,6.79,1.65,0,1.06,3.48,1.18
836,1,4.25,6.79,1.63,0,0.91,3.48,1.11
837,1,4.23,6.79,1.62,0,1.06,3.48,1.18
838,1,4.21,6.79,1.61,0,1.06,3.48,1.18
839,1,4.21,6.79,1.61,0,0.91,3.48,1.11
840,1,4.17,6.75,1.6,0,0.78,3.48,1.06
841,1,4.13,6.71,1.55,0,0.78,3.48,1.06
842,1,4.11,6.71,1.55,0,0.78,3.48,1.06
843,1,4.11,6.71,1.55,0,0.78,3.48,1.06
844,1,4.08,6.71,1.52,0,0.78,3.48,1.06
845,1,4.05,6.64,1.49,0,0.78,3.48,1.06
846,1,4.03,6.64,1.47,0,0.78,3.48,1.06
847,1,4,6.64,1.46,0,0.78,3.48,1.06
848,1,3.99,6.64,1.46,0,0.78,3.48,1.06
849,1,3.97,6.64,1.45,0,0.78,3.48,1.06
850,1,3.96,6.64,1.46,0,0.78,3.48,1.06
851,1,3.94,6.64,1.46,0,0.78,3.48,1.06
852,1,3.92,6.64,1.46,0,0.78,3.48,1.06
853,1,3.9,6.64,1.45,0,0.78,3.48,1.06
854,1,3.9,6.64,1.45,0,0.78,3.48,1.06
855,1,3.89,6.64,1.44,0,0.78,3.48,1.06
856,1,3.87,6.64,1.44,0,0.78,3.48,1.06
857,1,3.85,6.64,1.44,0,0.78,3.48,1.06
858,1,3.84,6.64,1.43,0,0.78,3.48,1.06
859,1,3.83,6.62,1.44,0,0.78,3.48,1.06
860,1,3.83,6.58,1.43,0,0.78,3.48,1.06
861,1,3.8,6.58,1.42,0,0.78,3.48,1.06
862,1,3.8,6.58,1.41,0,0.78,3.48,1.06
863,1,3.79,6.58,1.41,0,0.78,3.48,1.06
864,1,3.76,6.58,1.39,0,0.78,3.48,1.06
865,1,3.76,6.58,1.38,0,0.78,3.48,1.06
866,1,3.75,6.58,1.38,0,0.78,3.48,1.06
867,1,3.75,6.58,1.38,0,0.78,3.48,1.06
868,1,3.73,6.5,1.37,0,0.78,3.48,1.06
869,1,3.71,6.5,1.36,0,0.78,3.48,1.06
870,1,3.69,6.5,1.36,0,0.78,3.48,1.06
871,1,3.68,6.5,1.36,0,0.78,3.48,1.06
872,1,3.67,6.5,1.36,0,0.78,3.48,1.06
873,1,3.66,6.5,1.35,0,0.78,3.48,1.06
874,1,3.65,6.5,1.35,0,0.78,3.48,1.06
875,1,3.63,6.5,1.34,0,0.78,3.48,1.06
876,1,3.62,6.46,1.33,0,0.78,3.48,1.06
877,1,3.61,6.46,1.34,0,0.78,3.48,1.06
878,1,3.59,6.46,1.34,0,0.78,3.48,1.06
879,1,3.59,6.46,1.33,0,0.78,3.48,1.06
880,1,3.58,6.33,1.32,0,0.78,3.48,1.06
881,1,3.57,6.33,1.32,0,0.78,3.48,1.06
882,1,3.57,6.33,1.32,0,0.78,3.48,1.06
883,1,3.56,6.33,1.31,0,0.78,3.48,1.06
884,1,3.55,6.33,1.31,0,0.78,3.48,1.06
885,1,3.53,6.33,1.3,0,0.78,3.48,1.06
886,1,3.53,6.31,1.3,0,0.78,3.48,1.06
887,1,3.52,6.31,1.3,0,0.78,3.48,1.06
888,1,3.51,6.31,1.3,0,0.78,3.48,1.06
889,1,3.5,6.31,1.31,0,0.78,3.48,1.06
890,1,3.49,6.31,1.31,0,0.78,3.48,1.06
891,1,3.47,6.25,1.29,0,0.78,3.48,1.06
892,1,3.47,6.23,1.29,0,0.78,3.48,1.06
893,1,3.46,6.17,1.29,0,0.78,3.48,1.06
894,1,3.45,6.15,1.28,0,0.78,3.48,1.06
895,1,3.43,6.15,1.28,0,0.78,3.48,1.06
896,1,3.41,6.08,1.26,0,0.78,3.48,1.06
897,1,3.39,6.08,1.26,0,0.78,3.48,1.06
898,1,3.39,6.08,1.26,0,0.78,3.48,1.06
899,1,3.38,6.08,1.26,0,0.78,3.48,1.06
900,1,3.37,6.08,1.26,0,0.78,3.48,1.06
901,1,3.37,6.08,1.25,0,0.78,3.48,1.06
902,1,3.35,6,1.24,0,0.78,3.48,1.06
903,1,3.34,6,1.23,0,0.61,3.01,0.86
904,1,3.33,5.92,1.22,0,0.61,3.01,0.86
905,1,3.31,5.92,1.23,0,0.61,3.01,0.86
906,1,3.3,5.92,1.22,0,0.61,3.01,0.86
907,1,3.28,5.92,1.2,0,0.61,3.01,0.86
908,1,3.27,5.92,1.19,0,0.61,3.01,0.86
909,1,3.25,5.92,1.19,0,0.61,3.01,0.86
910,1,3.21,5.92,1.17,0,0.61,3.01,0.86
911,1,3.2,5.92,1.16,0,0.61,3.01,0.86
912,1,3.19,5.92,1.16,0,0.61,3.01,0.86
913,1,3.18,5.92,1.15,0,0.61,3.01,0.86
914,1,3.17,5.92,1.16,0,0.61,3.01,0.86
915,1,3.15,5.85,1.15,0,0.61,3.01,0.86
916,1,3.14,5.85,1.16,0,0.61,3.01,0.86
917,1,3.13,5.85,1.15,0,0.46,1.83,0.65
918,1,3.12,5.85,1.15,0,0.46,1.83,0.65
919,1,3.09,5.85,1.12,0,0.46,1.83,0.65
920,1,3.09,5.85,1.12,0,0.46,1.83,0.65
921,1,3.08,5.85,1.11,0,0.46,1.83,0.65
922,1,3.07,5.85,1.11,0,0.46,1.83,0.65
923,1,3.05,5.85,1.1,0,0.46,1.83,0.65
924,1,3.03,5.77,1.1,0,0.46,1.83,0.65
925,1,3.02,5.75,1.1,0,0.46,1.83,0.65
926,1,3.01,5.75,1.1,0,0.46,1.83,0.65
927,1,2.99,5.75,1.09,0,0.46,1.83,0.65
928,1,2.97,5.69,1.08,0,0.46,1.83,0.65
929,1,2.96,5.69,1.08,0,0.46,1.83,0.65
930,1,2.95,5.69,1.08,0,0.46,1.83,0.65
931,1,2.93,5.69,1.07,0,0.46,1.83,0.65
932,1,2.92,5.69,1.06,0,0.46,1.83,0.65
933,1,2.89,5.69,1.06,0,0.46,1.83,0.65
934,1,2.89,5.69,1.06,0,0.46,1.83,0.65
935,1,2.88,5.69,1.06,0,0.46,1.83,0.65
936,1,2.87,5.67,1.05,0,0.46,1.83,0.65
937,1,2.86,5.67,1.06,0,0.46,1.83,0.65
938,1,2.85,5.67,1.05,0,0.46,1.83,0.65
939,1,2.85,5.67,1.05,0,0.46,1.83,0.65
940,1,2.84,5.67,1.06,0,0.46,1.83,0.65
941,0.93,2.84,5.67,1.06,0,0.46,1.83,0.65
942,0.93,2.82,5.67,1.06,0,0.46,1.83,0.65
943,0.93,2.8,5.67,1.07,0,0.46,1.83,0.65
944,0.93,2.8,5.67,1.07,0,0.37,1.83,0.58
945,0.93,2.78,5.67,1.04,0,0.37,1.83,0.58
946,0.86,2.75,5.62,1.04,0,0.37,1.83,0.58
947,0.86,2.74,5.6,1.04,0,0.24,1.73,0.46
948,0.86,2.73,5.5,1.02,0,0.24,1.73,0.46
949,0.86,2.71,5.5,1.02,0,0.24,1.73,0.46
950,0.86,2.69,5.46,1.02,0,0.27,1.73,0.47
951,0.86,2.68,5.43,1.01,0,0.24,1.73,0.46
952,0.86,2.67,5.43,1,0,0.24,1.73,0.46
953,0.79,2.65,5.42,1,0,0.27,1.73,0.47
954,0.79,2.63,5.38,1,0,0.27,1.73,0.47
955,0.79,2.62,5.38,0.99,0,0.27,1.73,0.47
956,0.79,2.61,5.38,0.99,0,0.27,1.73,0.47
957,0.79,2.59,5.31,0.98,0,0.27,1.73,0.47
958,0.79,2.58,5.31,0.98,0,0.27,1.73,0.47
959,0.79,2.55,5.31,0.98,0,0.27,1.73,0.47
960,0.79,2.55,5.31,0.98,0,0.27,1.73,0.47
961,0.71,2.52,5.31,0.99,0,0.27,1.73,0.47
962,0.71,2.51,5.31,0.99,0,0.27,1.73,0.47
963,0.71,2.49,5.31,0.99,0,0.27,1.73,0.47
964,0.71,2.48,5.23,0.98,0,0.27,1.73,0.47
965,0.71,2.47,5.23,0.98,0,0.27,1.73,0.47
966,0.71,2.46,5.23,0.99,0,0.27,1.73,0.47
967,0.71,2.45,5.23,0.99,0,0.27,1.73,0.47
968,0.6,2.44,5.15,0.99,0,0.19,0.99,0.33
969,0.57,2.43,5.15,0.99,0,0.27,1.73,0.47
970,0.57,2.42,5.15,0.99,0,0.19,0.99,0.33
971,0.57,2.41,5.07,0.98,0,0.15,0.99,0.3
972,0.57,2.4,5.07,0.99,0,0.24,1.73,0.46
973,0.57,2.39,5.07,0.99,0,0.24,1.73,0.46
974,0.5,2.38,5,0.99,0,0.24,1.73,0.46
975,0.5,2.38,4.93,0.98,0,0.24,1.73,0.46
976,0.5,2.37,4.93,0.98,0,0.24,1.73,0.46
977,0.5,2.37,4.93,0.98,0,0.24,1.73,0.46
978,0.5,2.36,4.93,0.98,0,0.15,0.99,0.3
979,0.5,2.33,4.93,0.97,0,0.15,0.99,0.3
980,0.5,2.32,4.93,0.97,0,0.15,0.99,0.3
981,0.43,2.31,4.93,0.98,0,0.15,0.99,0.3
982,0.43,2.29,4.93,0.98,0,0.15,0.99,0.3
983,0.43,2.28,4.93,0.97,0,0.15,0.99,0.3
984,0.43,2.27,4.93,0.97,0,0.15,0.99,0.3
985,0.43,2.26,4.93,0.97,0,0.15,0.99,0.3
986,0.4,2.25,4.86,0.97,0,0.15,0.99,0.3
987,0.4,2.25,4.86,0.97,0,0.15,0.99,0.3
988,0.4,2.23,4.79,0.96,0,0.15,0.99,0.3
989,0.4,2.21,4.79,0.96,0,0.15,0.99,0.3
990,0.4,2.21,4.79,0.97,0,0.15,0.99,0.3
991,0.36,2.2,4.79,0.97,0,0.15,0.99,0.3
992,0.29,2.19,4.79,0.98,0,0.15,0.99,0.3
993,0.29,2.18,4.71,0.97,0,0.15,0.99,0.3
994,0.29,2.17,4.71,0.98,0,0.15,0.99,0.3
995,0.29,2.17,4.71,0.98,0,0.15,0.99,0.3
996,0.29,2.16,4.71,0.98,0,0.15,0.99,0.3
997,0.29,2.15,4.69,0.98,0,0.15,0.99,0.3
998,0.21,2.15,4.69,0.99,0,0.15,0.99,0.3
999,0.21,2.14,4.57,0.97,0,0.15,0.99,0.3
1000,0.21,2.13,4.5,0.96,0,0.15,0.99,0.3
